name,university,source,source_detail,fetch_status,undergrad_institution,undergrad_start_year,undergrad_snippet,olympiad_before_college,olympiad_summary,all_olympiad_mentions_raw
Ryan Goh,Boston University,local_file,D:\Research 2026\cvs\Math\Ryan_Goh.pdf,ok,Michigan State University,2026,B.S. Mathematics & B.A. Physics both with High Honors May 2011,FALSE,,
Padmavathi Srinivasan,Boston University,local_file,D:\Research 2026\cvs\Math\Padmavathi_Srinivasan.pdf,ok,Chennai Mathematical Institute,2019,"2006–2009 Chennai Mathematical Institute,BSc(Honours)in Physics",FALSE,,
Jonathan Huggins,Boston University,local_file,D:\Research 2026\cvs\Math\Jonathan_Huggins.pdf,ok,Not confidently extracted — check manually,2017,"B.A., Mathematics, Summa Cum Laude. 2008–2012",FALSE,,
Guangqu Zheng,Boston University,,,no_source,,2017,,FALSE,,
Gabriel Ocker,Boston University,,,no_source,,2016,,FALSE,,
Emily Stephen,Boston University,,,no_source,,2016,,FALSE,,
Debarghya Mukherjee,Boston University,local_file,D:\Research 2026\cvs\Math\Debarghya_Mukherjee.pdf,ok,Indian Statistical Institute,2016,Bachelor of Statistics August 2015,FALSE,,
Brian Williams,Boston University,local_file,D:\Research 2026\cvs\Math\Brian_Williams.pdf,ok,University of Florida May,2016,University of Florida May 2012,FALSE,,
Amiremad Ghassami,Boston University,,,no_source,,2016,,FALSE,,
Alexander Bertoloni Meli,Boston University,,,no_source,,2016,,FALSE,,
Youngtak Sohn,Brown University,local_file,D:\Research 2026\cvs\Math\Youngtak_Sohn.pdf,ok,Seoul National University,2016,B.Sc. in Mathematics Mar 2016,FALSE,,
Yair Shenfeld,Brown University,local_file,D:\Research 2026\cvs\Math\Yair_Shenfeld.pdf,ok,Massachusetts Institute of Technology,2015,"Operations Research and Financial Engineering, PhD.",FALSE,,
Oanh Nguyen,Brown University,,,no_source,,2015,,FALSE,,
Mara Freilich,Brown University,local_file,D:\Research 2026\cvs\Math\Mara_Freilich.pdf,ok,Brown University,2015,"Brown University, Bachelor of Science in Applied Math with honors, magna cum laude 2011-2015",FALSE,,
Brendan Keith,Brown University,,,no_source,,2015,,FALSE,,
Lingfu Zhang,California Institute of Technology,,,no_source,,2015,,FALSE,,
Nicholas Boffi,Carnegie Mellon University,local_file,D:\Research 2026\cvs\Math\Nicholas_Boffi.pdf,ok,Northwestern University,2015,"Thesis title: Methods for scientific simulation, machine learning, and nonlinear control",FALSE,,
Matthew Rosenzweig,Carnegie Mellon University,,,no_source,,2015,,FALSE,,
Christopher Eur,Carnegie Mellon University,,,no_source,,2014,,FALSE,,
Tommaso Botta,Columbia University,,,no_source,,2014,,FALSE,,
Marco Castronovo,Columbia University,,,no_source,,2014,,FALSE,,
Deeparaj Bhat,Columbia University,,,no_source,,2014,,FALSE,,
Yusheng Luo,Cornell University,,,no_source,,2014,,FALSE,,
Yunan Yang,Cornell University,local_file,D:\Research 2026\cvs\Math\Yunan_Yang.pdf,ok,Zhejiang University,2013,Advisor: BjörnEngquist,FALSE,,
Rachel Webb,Cornell University,,,no_source,,2013,,FALSE,,
Daniel Stern,Cornell University,local_file,D:\Research 2026\cvs\Math\Daniel_Stern.pdf,ok,Not confidently extracted — check manually,2013,"B.S., Mathematics, (summa cum laude), May 2014",FALSE,,
Benjamin Dozier,Cornell University,,,no_source,,2013,,FALSE,,
Alex Betts,Cornell University,local_file,D:\Research 2026\cvs\Math\Alex_Betts.pdf,ok,Trinity College,2013,Distinction (second in year),FALSE,,International Mathematical Olympiad(2019): (cid:136) Member of International Mathematical Olympiad Problem Selection Committee (2019)
Salim Tayou,Dartmouth College,,,no_source,,2013,,FALSE,,
Nianqiao (Phyllis) Ju,Dartmouth College,,,no_source,,2013,,FALSE,,
Juliette Bruce,Dartmouth College,local_file,D:\Research 2026\cvs\Math\Juliette_Bruce.pdf,ok,"University of Michigan Ann Arbor, MI",2013,"• University of Michigan Ann Arbor, MI",FALSE,,
Ethan Levien,Dartmouth College,,,no_source,,2013,,FALSE,,
Abhishek Mallick,Dartmouth College,local_file,D:\Research 2026\cvs\Math\Abhishek_Mallick.pdf,ok,Not confidently extracted — check manually,2013,"B.Sc. in Mathematics, 2013",FALSE,,
Maria-Veronica Ciocanel,Duke University,local_file,D:\Research 2026\cvs\Math\Maria-Veronica_Ciocanel.pdf,ok,Not confidently extracted — check manually,2012,"• BS, Mathematics; BA, French and European Studies",FALSE,,
Yiran Wang,Emory University,local_file,D:\Research 2026\cvs\Math\Yiran_Wang.pdf,ok,China Normal University,2012,Bachelor of Science in Mathematics,FALSE,,
Talea L. Mayo,Emory University,,,no_source,,2012,,FALSE,,
Marco Tezzele,Emory University,,,no_source,,2012,,FALSE,,
Manuela Girotti,Emory University,,,no_source,,2012,,FALSE,,
Maja Taskovic,Emory University,,,no_source,,2012,,FALSE,,
Liana Yepremyan,Emory University,,,no_source,,2012,,FALSE,,
Levon Nurbekyan,Emory University,,,no_source,,2011,,FALSE,,
Elizabeth Newman,Emory University,,,no_source,,2011,,FALSE,,
Cosmin Pohoata,Emory University,,,no_source,,2011,,FALSE,,
Aleksandr Polianskii,Emory University,,,no_source,,2011,,FALSE,,
Maryam Yashtini,Georgetown University,,,no_source,,2011,,FALSE,,
Bogdan Raita,Georgetown University,,,no_source,,2011,,FALSE,,
Benjamin Harrop-Griffiths,Georgetown University,,,no_source,,2010,,FALSE,,
Akira Horiguchi,Georgetown University,,,no_source,,2010,,FALSE,,
Xiaoyu He,Georgia Institute of Technology,local_file,D:\Research 2026\cvs\Math\Xiaoyu_He.pdf,ok,Harvard University,2010,Harvard University 2012–2016,TRUE,Math Olympiad (2010),Math Olympiad(2010): International Math Olympiad: | Math Olympiad(2015): USA Math Olympiad Grader 2015 | Math Olympiad(2013): Math Olympiad Summer Camp Grader 2013
Wei Zhu,Georgia Institute of Technology,,,no_source,,2010,,FALSE,,
Tobias Ried,Georgia Institute of Technology,,,no_source,,2010,,FALSE,,
Rose McCarty,Georgia Institute of Technology,local_file,D:\Research 2026\cvs\Math\Rose_McCarty.pdf,ok,Georgia Institute of Technology,2010,Ph.D. in Combinatorics and Optimization (Supervisor: Jim Geelen),FALSE,,
Leonardo Abbrescia,Georgia Institute of Technology,,,no_source,,2010,,FALSE,,
Julia Lindberg,Georgia Institute of Technology,,,no_source,,2009,,FALSE,,
Harold Blum,Georgia Institute of Technology,,,no_source,,2009,,FALSE,,
Asaf Katz,Georgia Institute of Technology,,,no_source,,2009,,FALSE,,
Alex Dunn,Georgia Institute of Technology,local_file,D:\Research 2026\cvs\Math\Alex_Dunn.pdf,ok,"University of Queensland, Australia",2009,Master of Philosophy (Mathematics),FALSE,,
SueYeon Chung,Harvard University,local_file,D:\Research 2026\cvs\Math\SueYeon_Chung.pdf,ok,Cornell University,2009,Thesis: “Statistical Mechanics of Neural Processing of Object Manifolds”,FALSE,,
Melanie Weber,Harvard University,local_file,D:\Research 2026\cvs\Math\Melanie_Weber.pdf,ok,"University of Leipzig,B.Sc",2009,"Universityof Leipzig,B.Sc./M.Sc. in Mathematics 2016",FALSE,,
Anna Seigal,Harvard University,local_file,D:\Research 2026\cvs\Math\Anna_Seigal.pdf,ok,Mathematical Tripos Emmanuel College,2009,"2013-2014 Master of Mathematics, Part III of Mathematical Tripos",FALSE,,
Zihui Zhao,Johns Hopkins University,local_file,D:\Research 2026\cvs\Math\Zihui_Zhao.pdf,ok,Peking University,2008,Advisor: Prof. Yvan Martel,FALSE,,
Tim Kunisky,Johns Hopkins University,local_file,D:\Research 2026\cvs\Math\Tim_Kunisky.pdf,ok,Not confidently extracted — check manually,2008,A.B.summacumlaudein Mathematics 09/2010–06/2014,FALSE,,
Soufiane Hayou,Johns Hopkins University,local_file,D:\Research 2026\cvs\Math\Soufiane_Hayou.pdf,ok,Marie Curie University,2008,"Pierre et Marie Curie University (Paris VI) Paris, France",FALSE,,
Soledad Villar,Johns Hopkins University,,,no_source,,2008,,FALSE,,
Nicolas Loizou,Johns Hopkins University,local_file,D:\Research 2026\cvs\Math\Nicolas_Loizou.pdf,ok,University of Athens,2008,"BSc Mathematics,Nationaland Kapodistrian Universityof Athens,2010-2014",FALSE,,
Edinah Gnang,Johns Hopkins University,,,no_source,,2008,,FALSE,,
Zi Ye,Lehigh University,,,no_source,,2008,,FALSE,,
Xianyi Zeng,Lehigh University,,,no_source,,2007,,FALSE,,
Taeho Kim,Lehigh University,,,no_source,,2007,,FALSE,,
Joe Kramer-Miller,Lehigh University,local_file,D:\Research 2026\cvs\Math\Joe_Kramer-Miller.pdf,ok,Oberlin College,2007,Advisor: Prof. Krzysztof Klosin,FALSE,,
Ao Sun,Lehigh University,,,no_source,,2007,,FALSE,,
Tristan Ozuch-Meersseman,Massachusetts Institute of Technology,,,no_source,,2006,,FALSE,,
Shaoyun Bai,Massachusetts Institute of Technology,local_file,D:\Research 2026\cvs\Math\Shaoyun_Bai.pdf,ok,Not confidently extracted — check manually,2006,"B.S. of Mathematics, working under the supervision of Si Li and Pin Yu",FALSE,,
Naomi Sweeting,Massachusetts Institute of Technology,,,no_source,,2005,,FALSE,,
Jorge Garza-Vargas,Massachusetts Institute of Technology,local_file,D:\Research 2026\cvs\Math\Jorge_Garza-Vargas.pdf,ok,"University of California, Berkeley Berkeley, CA",2005,"University of California, Berkeley Berkeley, CA",TRUE,IMO (2011),"IMO(2011): • Math Olympiads: IMO 2011, 2012 (Bronze medals), Asian Pacific Mathematical Olympiad 2012 (Gold medal),"
John Urschel,Massachusetts Institute of Technology,,,no_source,,2005,,FALSE,,
Jeanne Boursier,Massachusetts Institute of Technology,local_file,D:\Research 2026\cvs\Math\Jeanne_Boursier.pdf,ok,New York University,2005,co-advisor: Sylvia Serfaty (New York University),FALSE,,
Jacopo Borga,Massachusetts Institute of Technology,,,no_source,,2005,,FALSE,,
Christoph Kehle,Massachusetts Institute of Technology,local_file,D:\Research 2026\cvs\Math\Christoph_Kehle.pdf,ok,Not confidently extracted — check manually,,Bachelor of Physics 2011–2014,FALSE,,
Alex Damian,Massachusetts Institute of Technology,,,no_source,,,,FALSE,,
Adit Radhakrishnan,Massachusetts Institute of Technology,,,no_source,,,,FALSE,,
Yi Zhang,New York University,local_file,D:\Research 2026\cvs\Math\Yi_Zhang.pdf,ok,Jul2016 Peking University,,B.S.Physics(major)and Economics(minor) Jul2016,FALSE,,
Yanjun Han,New York University,,,no_source,,,,FALSE,,
Sara Shamekh,New York University,,,no_source,,,,FALSE,,
Qi Lei,New York University,local_file,D:\Research 2026\cvs\Math\Qi_Lei.pdf,ok,Not confidently extracted — check manually,,"(cid:136) B.S., School of Mathematics (with honors) (GPA 3.92/4.0, rank 1st)",FALSE,,
Ofer Kimchi,New York University,,,no_source,,,,FALSE,,
Jinyoung Park,New York University,local_file,,ambiguous_local_match,,,,FALSE,,
Arthur Jacot,New York University,,,no_source,,,,FALSE,,
Alex Cohen,New York University,,,no_source,,,,FALSE,,
Alan Kaptanoglu,New York University,,,no_source,,,,FALSE,,
Zhiyuan Zhang,Northeastern University,local_file,,ambiguous_local_match,,,,FALSE,,
Sarah Harrison,Northeastern University,,,no_source,,,,FALSE,,
Pablo Boixeda Alvarez,Northeastern University,,,no_source,,,,FALSE,,
Ning Bao,Northeastern University,,,no_source,,,,FALSE,,
Iva Halacheva,Northeastern University,,,no_source,,,,FALSE,,
Eugene Tang,Northeastern University,local_file,,ambiguous_local_match,,,,FALSE,,
Xiumin Du,Northwestern University,local_file,D:\Research 2026\cvs\Math\Xiumin_Du.pdf,ok,Zhejiang University,,"2007–2011 Zhejiang University, Hangzhou, Zhejiang, China.",FALSE,,
Reza Gheissari,Northwestern University,,,no_source,,,,FALSE,,
Rachel Greenfeld,Northwestern University,,,no_source,,,,FALSE,,
Marcus Michelen,Northwestern University,,,no_source,,,,FALSE,,
Gus Schrader,Northwestern University,,,no_source,,,,FALSE,,
Ananth Shankar,Northwestern University,,,no_source,,,,FALSE,,
Zhenzhen Huang,Ohio State University,local_file,D:\Research 2026\cvs\Math\Zhenzhen_Huang.pdf,ok,Department of Mathematics Southern University,,"• M.Sc. in Financial Mathematics,Departmentof Mathematics",FALSE,,
Yifan Jing,Ohio State University,local_file,D:\Research 2026\cvs\Math\Yifan_Jing.pdf,ok,University of Science,,B.S in Mathematics 8/2012–6/2016,FALSE,,
Roberto Hernandez Palomares,Ohio State University,,,no_source,,,,FALSE,,
Marjorie Drake,Ohio State University,local_file,D:\Research 2026\cvs\Math\Marjorie_Drake.pdf,ok,Not confidently extracted — check manually,,"B.S. in Mathematics, May 2007",FALSE,,
Maria Han Veiga,Ohio State University,,,no_source,,,,FALSE,,
Kaifeng Bu,Ohio State University,,,no_source,,,,FALSE,,
John Johnson,Ohio State University,local_file,D:\Research 2026\cvs\Math\John_Johnson.pdf,ok,Texas A&M University,,Advisor: Neil Hindman,FALSE,,
Jimmy He,Ohio State University,local_file,D:\Research 2026\cvs\Math\Jimmy_He.pdf,ok,"University of Waterloo, Waterloo, ON",,Advisor: Persi Diaconis,FALSE,,
Dusty Grundmeier,Ohio State University,,,no_source,,,,FALSE,,
Cesar Cuenca,Ohio State University,,,no_source,,,,FALSE,,
Susanna V. Haziot,Princeton University,,,no_source,,,,FALSE,,
Marc A. Gilles,Princeton University,local_file,D:\Research 2026\cvs\Math\Marc_A_Gilles.pdf,ok,Economics Raritan Valley Community College,,Minor in Economics,FALSE,,
Guido Bosco,Princeton University,,,no_source,,,,FALSE,,
Bjoern Bringmann,Princeton University,,,no_source,,,,FALSE,,
Zhilin Luo,Purdue University,,,no_source,,,,FALSE,,
Nicholas James McCleerey,Purdue University,local_file,D:\Research 2026\cvs\Math\Nicholas_James_McCleerey.pdf,ok,Not confidently extracted — check manually,,"B.Sc., Mathematics",FALSE,,
Lvzhou Chen,Purdue University,local_file,D:\Research 2026\cvs\Math\Lvzhou_Chen.pdf,ok,The University,,"2014–2020 Ph.D. in Mathematics, The University of Chicago, USA.",FALSE,,
Colleen Delaney,Purdue University,,,no_source,,,,FALSE,,
Thomas Anderson,Rice University,,,no_source,,,,FALSE,,
Shuvomoy Das Gupta,Rice University,local_file,D:\Research 2026\cvs\Math\Shuvomoy_Das_Gupta.pdf,ok,Not confidently extracted — check manually,,"Member, Rice CMOR Undergraduate Committee 2026–2027",FALSE,,
Sebastian Perez-Salazar,Rice University,,,no_source,,,,FALSE,,
Sarah Frei,Rice University,,,no_source,,,,FALSE,,
Lu Zhang,Rice University,,,no_source,,,,FALSE,,
Jo (Joanna) Nelson,Rice University,,,no_source,,,,FALSE,,
Francisco Arana-Herrera,Rice University,,,no_source,,,,FALSE,,
David Urbanik,Rice University,,,no_source,,,,FALSE,,
Maxime Van de Moortel,Rutgers University-New Brunswick,,,no_source,,,,FALSE,,
Konstantin Matveev,Rutgers University-New Brunswick,,,no_source,,,,FALSE,,
Kimberly Weston,Rutgers University-New Brunswick,,,no_source,,,,FALSE,,
Ian Jauslin,Rutgers University-New Brunswick,,,no_source,,,,FALSE,,
Filippo Calderoni,Rutgers University-New Brunswick,,,no_source,,,,FALSE,,
Joseph Miller,Stanford University,local_file,D:\Research 2026\cvs\Math\Joseph_Miller.pdf,ok,Mathematics University,,Thesis: On deriving kinetic equations and their structure from classical many-body dynamics,FALSE,,
Jiakai Li,Stanford University,,,no_source,,,,FALSE,,
Federico Franceschini,Stanford University,,,no_source,,,,FALSE,,
Daniel Altman,Stanford University,,,no_source,,,,FALSE,,
Elizabeth Newman,Tufts University,,,no_source,,,,FALSE,,
Corey Bregman,Tufts University,,,no_source,,,,FALSE,,
Tony Feng,"University of California, Berkeley",,,no_source,,,,FALSE,,
Srivatsav Kunnawalkam Elayavalli,"University of California, Berkeley",,,no_source,,,,FALSE,,
Ruixiang Zhang,"University of California, Berkeley",,,no_source,,,,FALSE,,
Michael J. Lindsey,"University of California, Berkeley",,,no_source,,,,FALSE,,
Kevin Yang,"University of California, Berkeley",local_file,,ambiguous_local_match,,,,FALSE,,
Hannah K. Larson,"University of California, Berkeley",,,no_source,,,,FALSE,,
Gabriel Goldberg,"University of California, Berkeley",,,no_source,,,,FALSE,,
Franziska Weber,"University of California, Berkeley",local_file,,ambiguous_local_match,,,,FALSE,,
Christian Gaetz,"University of California, Berkeley",local_file,D:\Research 2026\cvs\Math\Christian_Gaetz.pdf,ok,Not confidently extracted — check manually,,"B.S. in Mathematics summa cum laude, May 2016",FALSE,,
Yunpeng Shi,"University of California, Davis",local_file,D:\Research 2026\cvs\Math\Yunpeng_Shi.pdf,ok,University of Minnesota May,,"B.A. in Mathematics, Honors Program, University of Minnesota May 2015",FALSE,,
Melissa Zhang,"University of California, Davis",local_file,D:\Research 2026\cvs\Math\Melissa_Zhang.pdf,ok,Not confidently extracted — check manually,,"B.S. in Mathematics with honors, June 2014",FALSE,,
Melissa Sherman-Bennett,"University of California, Davis",,,no_source,,,,FALSE,,
Colleen Robichaux,"University of California, Davis",local_file,D:\Research 2026\cvs\Math\Colleen_Robichaux.pdf,ok,Louisiana State University,,"B.S. Mathematics, Secondary Education concentration,Louisiana State University(LSU),May",FALSE,,
Anuj Kumar,"University of California, Davis",,,no_source,,,,FALSE,,
Alexander Wein,"University of California, Davis",local_file,D:\Research 2026\cvs\Math\Alexander_Wein.pdf,ok,Not confidently extracted — check manually,,"B.S. in Computer Science and Mathematics (with honors), June 2013",FALSE,,
Yi Lai,"University of California, Irvine",,,no_source,,,,FALSE,,
Xiangwen Zhang,"University of California, Irvine",,,no_source,,,,FALSE,,
Anna Ma,"University of California, Irvine",,,no_source,,,,FALSE,,
Angxiu Ni,"University of California, Irvine",,,no_source,,,,FALSE,,
Yifan Chen,"University of California, Los Angeles",local_file,D:\Research 2026\cvs\Math\William_Yun_Chen.pdf,ok,Dartmouth College,,Thesis Moduli Interpretations for Noncongruence Modular Curves,FALSE,,
Joaquin Moraga,"University of California, Los Angeles",,,no_source,,,,FALSE,,
Gurbir Dhillon,"University of California, Los Angeles",,,no_source,,,,FALSE,,
Dominique Maldague,"University of California, Los Angeles",,,no_source,,,,FALSE,,
Zhipeng Lou,"University of California, San Diego",,,no_source,,,,FALSE,,
Vishal Patel,"University of California, San Diego",,,no_source,,,,FALSE,,
Robert Webber,"University of California, San Diego",,,no_source,,,,FALSE,,
Pearson Miller,"University of California, San Diego",local_file,D:\Research 2026\cvs\Math\Pearson_Miller.pdf,ok,Harvey Mudd College,,"2013–2017 B.S. in Mathematics, Harvey Mudd College",FALSE,,
Morris Ang,"University of California, San Diego",,,no_source,,,,FALSE,,
Lijun Ding,"University of California, San Diego",,,no_source,,,,FALSE,,
Kristin DeVleming,"University of California, San Diego",,,no_source,,,,FALSE,,
Joshua Frisch,"University of California, San Diego",,,no_source,,,,FALSE,,
Federico Pasqualotto,"University of California, San Diego",,,no_source,,,,FALSE,,
Daren Wang,"University of California, San Diego",,,no_source,,,,FALSE,,
Daniel Grier,"University of California, San Diego",local_file,D:\Research 2026\cvs\Math\Daniel_Grier.pdf,ok,"University of South Carolina Columbia, SC",,Advisor: Scott Aaronson,FALSE,,
Xiaolei Zhao,"University of California, Santa Barbara",local_file,D:\Research 2026\cvs\Math\Xiaolei_Zhao.pdf,ok,Peking University,,"2005-2009 Peking University, China",FALSE,,
Sui Tang,"University of California, Santa Barbara",local_file,,ambiguous_local_match,,,,FALSE,,
Ruimeng Hu,"University of California, Santa Barbara",,,no_source,,,,FALSE,,
Jiajie Chen,University of Chicago,local_file,D:\Research 2026\cvs\Math\Jiajie_Chen.pdf,ok,Peking University,,"Peking University Beijing, China",FALSE,,
Daniil Rudenko,University of Chicago,,,no_source,,,,FALSE,,
Youngmin Park,University of Florida,local_file,D:\Research 2026\cvs\Math\Youngmin_Park.pdf,ok,Max Planck Institute,,Additional Training,FALSE,,
Yeor Hafuta,University of Florida,,,no_source,,,,FALSE,,
Tristan Goodwill,University of Florida,,,no_source,,,,FALSE,,
Jeremy Booher,University of Florida,,,no_source,,,,FALSE,,
Hubert Wagner,University of Florida,,,no_source,,,,FALSE,,
Henry Adams,University of Florida,,,no_source,,,,FALSE,,
Eric Evert,University of Florida,local_file,D:\Research 2026\cvs\Math\Eric_Evert.pdf,ok,Not confidently extracted — check manually,,"B.S., Mathematics, May 2013",FALSE,,
Arnaud Marsiglietti,University of Florida,,,no_source,,,,FALSE,,
Tomasz Szarek,University of Georgia,,,no_source,,,,FALSE,,
Siddharth Mathur,University of Georgia,,,no_source,,,,FALSE,,
Ruiwen Shu,University of Georgia,,,no_source,,,,FALSE,,
Peter Lambert-Cole,University of Georgia,,,no_source,,,,FALSE,,
Nate Harman,University of Georgia,,,no_source,,,,FALSE,,
João Pereira,University of Georgia,local_file,D:\Research 2026\cvs\Math\Joao_Pereira.pdf,ok,Not confidently extracted — check manually,,B.S. in Mathematics September 2009 to July 2012,TRUE,IMO (2009),IMO(2009): – Preparing the Portuguese team for the International Math Olympiads (IMO) | IMO(2014): – Deputy Leader of the Portuguese IMO team in 2014
Jiuya Wang,University of Georgia,local_file,D:\Research 2026\cvs\Math\Jiuya_Wang.pdf,ok,Sun Yat-sen University,,2009-2013 Bachelorin Mathematics,FALSE,,
Xiaochen Jing,University of Illinois Urbana-Champaign,local_file,D:\Research 2026\cvs\Math\Xiaochen_Jing.pdf,ok,Actuarial Science Zhejiang University,,M.S. in Applied Mathematics–Actuarial Science,FALSE,,
William Yun Chen,University of Illinois Urbana-Champaign,local_file,D:\Research 2026\cvs\Math\William_Yun_Chen.pdf,ok,Dartmouth College,,Thesis Moduli Interpretations for Noncongruence Modular Curves,FALSE,,
Daniel Cooney,University of Illinois Urbana-Champaign,,,no_source,,,,FALSE,,
Christopher Dodd,University of Illinois Urbana-Champaign,,,no_source,,,,FALSE,,
Benjamin Tod Castle,University of Illinois Urbana-Champaign,,,no_source,,,,FALSE,,
Abhishek Methuku,University of Illinois Urbana-Champaign,,,no_source,,,,FALSE,,
Dori Bejleri,"University of Maryland, College Park",,,no_source,,,,FALSE,,
Deep Ray,"University of Maryland, College Park",,,no_source,,,,FALSE,,
Bogdan Zavyalov,"University of Maryland, College Park",,,no_source,,,,FALSE,,
Arka Adhikari,"University of Maryland, College Park",,,no_source,,,,FALSE,,
Andrew Senger,"University of Maryland, College Park",,,no_source,,,,FALSE,,
Zhiyan Ding,University of Michigan,,,no_source,,,,FALSE,,
Patrick Lutz,University of Michigan,,,no_source,,,,FALSE,,
Linh Truong,University of Michigan,,,no_source,,,,FALSE,,
Jennifer Wilson,University of Michigan,,,no_source,,,,FALSE,,
Alexander Perry,University of Michigan,,,no_source,,,,FALSE,,
Ziyu Chen,University of North Carolina at Chapel Hill,,,no_source,,,,FALSE,,
Thomas Chandler,University of North Carolina at Chapel Hill,local_file,D:\Research 2026\cvs\Math\Thomas_Chandler.pdf,ok,Lincoln College,,"for DPhil Students I & II, and Theories of Deep Learning.",FALSE,,
Shahar Kovalsky,University of North Carolina at Chapel Hill,,,no_source,,,,FALSE,,
Philip Tosteson,University of North Carolina at Chapel Hill,,,no_source,,,,FALSE,,
Daping Weng,University of North Carolina at Chapel Hill,,,no_source,,,,FALSE,,
Casey Rodriguez,University of North Carolina at Chapel Hill,,,no_source,,,,FALSE,,
Caroline Moosmueller,University of North Carolina at Chapel Hill,,,no_source,,,,FALSE,,
Arunima Bhattacharya,University of North Carolina at Chapel Hill,,,no_source,,,,FALSE,,
Zecheng Zhang,University of Notre Dame,local_file,,ambiguous_local_match,,,,FALSE,,
Yuefeng Han,University of Notre Dame,,,no_source,,,,FALSE,,
Yangyang Li,University of Notre Dame,local_file,D:\Research 2026\cvs\Math\Yangyang_Li.pdf,ok,Tsinghua University,,Ph.D. Thesis: Min-max minimal hypersurfaces in higher dimensions,FALSE,,
Xiufan Yu,University of Notre Dame,,,no_source,,,,FALSE,,
Tiffany Tang,University of Notre Dame,local_file,D:\Research 2026\cvs\Math\Tiffany_Tang.pdf,ok,Not confidently extracted — check manually,,"Bachelorof Sciencein Mathematics,Bachelorof Artsin Statistics",FALSE,,
Steven Karp,University of Notre Dame,local_file,D:\Research 2026\cvs\Math\Steven_Karp.pdf,ok,University of Waterloo,,"2011 BMath,Combinatoricsand Optimization&Pure Mathematics,Universityof Waterloo",TRUE,International Mathematical Olympiad (2007),"International Mathematical Olympiad(2007): 2007 Bronze Medal, International Mathematical Olympiad"
Soham Jana,University of Notre Dame,local_file,D:\Research 2026\cvs\Math\Soham_Jana.pdf,ok,Indian Statistical Institute,,Advisor: Ayanendranath Basu,FALSE,,
Shuddhodan Kadattur Vasudevan,University of Notre Dame,local_file,D:\Research 2026\cvs\Math\Shuddhodan_Kadattur_Vasudevan.pdf,ok,Indian Institute of Technology,,"B.Techin Engineering Physics,Indian Instituteof Technology Madras,Chennai",FALSE,,
Ritvik Ramkumar,University of Notre Dame,,,no_source,,,,FALSE,,
Ondrej Maxian,University of Notre Dame,,,no_source,,,,FALSE,,
Nicholas Ramsey,University of Notre Dame,local_file,D:\Research 2026\cvs\Math\Nicholas_Ramsey.pdf,ok,Not confidently extracted — check manually,,"A.B. in Mathematics, June 2012",FALSE,,
Marianna Russkikh,University of Notre Dame,local_file,D:\Research 2026\cvs\Math\Marianna_Russkikh.pdf,ok,St Petersburg State University,,advisors : Stanislav Smirnov and Dmitry Chelkak,FALSE,,
Kelsey Gasior,University of Notre Dame,,,no_source,,,,FALSE,,
Juanita Pinzón Caicedo,University of Notre Dame,local_file,D:\Research 2026\cvs\Math\Juanita_Pinzon_Caicedo.pdf,ok,Indiana University,,"2008-2014 Ph.D. Mathematics, Indiana University, Bloomington, IN",FALSE,,
Guosheng Fu,University of Notre Dame,,,no_source,,,,FALSE,,
Gioacchino Antonelli,University of Notre Dame,,,no_source,,,,FALSE,,
Changbo Zhu,University of Notre Dame,,,no_source,,,,FALSE,,
Alexandra Kjuchukova,University of Notre Dame,,,no_source,,,,FALSE,,
Sarah Brauner,University of Pennsylvania,,,no_source,,,,FALSE,,
Nir Gadish,University of Pennsylvania,,,no_source,,,,FALSE,,
Andres Fernandez Herrero,University of Pennsylvania,local_file,D:\Research 2026\cvs\Math\Andres_Fernandez_Herrero.pdf,ok,University of San,,Barbasch.,FALSE,,
Ahmed Bou-Rabee,University of Pennsylvania,,,no_source,,,,FALSE,,
Stephan Wojtowytsch,University of Pittsburgh,,,no_source,,,,FALSE,,
Chengcheng Huang,University of Pittsburgh,local_file,,ambiguous_local_match,,,,FALSE,,
Carl Wang-Erickson,University of Pittsburgh,local_file,D:\Research 2026\cvs\Math\Carl_Wang-Erickson.pdf,ok,Stanford University,,"Stanford University, Stanford, California, USA.",FALSE,,
Bruno Poggi,University of Pittsburgh,,,no_source,,,,FALSE,,
Maggie Miller,University of Texas at Austin,local_file,,ambiguous_local_match,,,,FALSE,,
Lucas Mason-Brown,University of Texas at Austin,,,no_source,,,,FALSE,,
Irving Dai,University of Texas at Austin,,,no_source,,,,FALSE,,
Chiara Damiolini,University of Texas at Austin,local_file,D:\Research 2026\cvs\Math\Chiara_Damiolini.pdf,ok,Not confidently extracted — check manually,,Bachelor in Mathematics 09/2008 - 07/2011,FALSE,,
Peter Humphries,University of Virginia,,,no_source,,,,FALSE,,
J.D. Quigley,University of Virginia,local_file,D:\Research 2026\cvs\Math\JD_Quigley.pdf,ok,University of Illinoisat Urbana-Champaign. August2011-December2013. Grants,,"B.S.in Mathematics,Universityof Illinoisat Urbana-Champaign. August2011-December2013.",FALSE,,
Piotr Pstrągowski,University of Washington,,,no_source,,,,FALSE,,
Jonathan Zhu,University of Washington,,,no_source,,,,FALSE,,
Giovanni Inchiostro,University of Washington,,,no_source,,,,FALSE,,
Gaku Liu,University of Washington,local_file,D:\Research 2026\cvs\Math\Gaku_Liu.pdf,ok,Princeton University,,Princeton University (2008–2012),FALSE,,
Danny Shi,University of Washington,local_file,D:\Research 2026\cvs\Math\Danny_Shi.pdf,ok,Massachusetts Institute of Technology,,Advisor: Michael Hopkins,TRUE,International Mathematical Olympiad (2008),"International Mathematical Olympiad(2008): 2008, 2009 International Mathematical Olympiad: Bronze Medal (2008), Gold Medal (2009)"
Dan Mikulincer,University of Washington,,,no_source,,,,FALSE,,
Alexis Drouot,University of Washington,,,no_source,,,,FALSE,,
Yingkun Li,University of Wisconsin-Madison,local_file,D:\Research 2026\cvs\Math\Yingkun_Li.pdf,ok,Not confidently extracted — check manually,,"• B.S., Mathematics with Honor, September 2005 – June 2009.",FALSE,,
Rajula Srivastava,University of Wisconsin-Madison,,,no_source,,,,FALSE,,
Pedro Abdalla Teixeira,University of Wisconsin-Madison,,,no_source,,,,FALSE,,
Niclas Technau,University of Wisconsin-Madison,,,no_source,,,,FALSE,,
Michael Kemeny,University of Wisconsin-Madison,,,no_source,,,,FALSE,,
Maurice Fabien,University of Wisconsin-Madison,local_file,D:\Research 2026\cvs\Math\Maurice_Fabien.pdf,ok,University of Washington,,"Seattle,Washington",FALSE,,
Marissa Loving,University of Wisconsin-Madison,,,no_source,,,,FALSE,,
Laurel Ohm,University of Wisconsin-Madison,,,no_source,,,,FALSE,,
Dallas Albritton,University of Wisconsin-Madison,,,no_source,,,,FALSE,,
Cole Graham,University of Wisconsin-Madison,,,no_source,,,,FALSE,,
Caglar Uyanik,University of Wisconsin-Madison,,,no_source,,,,FALSE,,
Alex Lupsasca,Vanderbilt University,,,no_source,,,,FALSE,,
Donsub Rim,Washington University in St. Louis,local_file,D:\Research 2026\cvs\Math\Donsub_Rim.pdf,ok,Not confidently extracted — check manually,,"B.Sc. in Mathematics,B.B.A.in Business Administration February2011",FALSE,,
Charles Ouyang,Washington University in St. Louis,,,no_source,,,,FALSE,,
Carl Lian,Washington University in St. Louis,,,no_source,,,,FALSE,,
Alan Chang,Washington University in St. Louis,,,no_source,,,,FALSE,,
Tianqi Wang,Yale University,,,no_source,,,,FALSE,,
Tamunonye Cheetham-West,Yale University,,,no_source,,,,FALSE,,
Surya Raghavendran,Yale University,,,no_source,,,,FALSE,,
Samuel DeHority,Yale University,,,no_source,,,,FALSE,,
Ruoyu Wang,Yale University,local_file,D:\Research 2026\cvs\Math\Ruoyu_Wang.pdf,ok,University College London,,"2016 B.Sc. Mathematics, University College London, UK.",FALSE,,
Ovidiu-Neculai Avadanei,Yale University,local_file,D:\Research 2026\cvs\Math\Ovidiu-Neculai_Avadanei.pdf,ok,"University of Iasi, Romania",,"October 2016-July 2019: Bachelor’s Degree in Mathematics, ”Alexandru Ioan Cuza” University of",TRUE,International Mathematical Olympiad (2016),"International Mathematical Olympiad(2016): 2. Silver Medalatthe57th International Mathematical Olympiad,July6-16,2016,Hong Kong | International Mathematical Olympiad(2018): 1. Coordinator (grader) at the 59th International Mathematical Olympiad, Cluj-Napoca,"
Charles Reid,Yale University,,,no_source,,,,FALSE,,
Catherine Wolfram,Yale University,local_file,D:\Research 2026\cvs\Math\Catherine_Wolfram.pdf,ok,"University of Chicago, Chicago, IL September",,Thesis title: Random geometry in two and three dimensions,FALSE,,
Calder Morton-Ferguson,Yale University,local_file,D:\Research 2026\cvs\Math\Calder_Morton-Ferguson.pdf,ok,Computer Science Minor Employment Yale University,,"Honours Bachelor of Science, June 2019. GPA: 4.0/4.0",FALSE,,
